{
    "//": "BR Item Shop Config",
    "//2": "No need to restart backend if modified",
    "daily1": {
        "itemGrants": ["AthenaCharacter:cid_479_athena_commando_f_davinci"],
        "price": 999
    },
    "daily2": {
        "itemGrants": [""],
        "price": 0
    },
    "daily3": {
        "itemGrants": [""],
        "price": 0
    },
    "daily4": {
        "itemGrants": [""],
        "price": 0
    },
    "daily5": {
        "itemGrants": [""],
        "price": 0
    },
    "daily6": {
        "itemGrants": [""],
        "price": 0
    },
    "featured1": {
        "itemGrants": [""],
        "price": 0
    },
    "featured2": {
        "itemGrants": [""],
        "price": 0
    }
}