{
    "battleBundleOfferId": "259920BC42F0AAC7C8672D856C9B622C",
    "battlePassOfferId": "2E43CCD24C3BE8F5ABBDF28E233B9350",
    "tierOfferId": "AF1B7AC14A5F6A9ED255B88902120757",
    "paidRewards": [
        {
            "Token:athenaseasonxpboost": 50,
            "Token:athenaseasonfriendxpboost": 60,
            "AthenaCharacter:cid_486_athena_commando_f_streetracerdrift": 1,
            "AthenaCharacter:cid_488_athena_commando_m_rustremix": 1,
            "Token:athenaseasonmergedxpboosts": 1,
            "ChallengeBundleSchedule:season10_seasonx_schedule": 1,
            "ChallengeBundleSchedule:season10_blackknight_schedule": 1,
            "ChallengeBundleSchedule:season10_djyonger_schedule": 1,
            "ChallengeBundleSchedule:season10_drift_schedule": 1,
            "ChallengeBundleSchedule:season10_rustlord_schedule": 1,
            "ChallengeBundleSchedule:season10_sparkle_schedule": 1,
            "ChallengeBundleSchedule:season10_teknique_schedule": 1,
            "ChallengeBundleSchedule:season10_voyager_schedule": 1,
            "ChallengeBundleSchedule:season10_mission_schedule": 1,
            "ChallengeBundleSchedule:season10_seasonlevel_mission_schedule": 1
        },
        {
            "Token:athenaseasonxpboost": 10,
            "Token:athenanextseasonxpboost": 30
        },
        {
            "AthenaDance:emoji_redknight": 1
        },
        {
            "Currency:mtxgiveaway": 100
        },
        {
            "AthenaItemWrap:wrap_107_graffitiremix": 1
        },
        {
            "HomebaseBannerIcon:brs10dragonegg": 1
        },
        {
            "AthenaGlider:glider_id_166_rustlordremix": 1
        },
        {
            "AthenaDance:spid_150_icedragon": 1
        },
        {
            "Token:athenaseasonfriendxpboost": 10
        },
        {
            "AthenaLoadingScreen:lsid_161_h7outfitsa": 1
        },
        {
            "Currency:mtxgiveaway": 100
        },
        {
            "AthenaMusicPack:musicpack_024_showdown": 1
        },
        {
            "HomebaseBannerIcon:brs10medievalknight": 1
        },
        {
            "AthenaDance:spid_140_moistymire": 1
        },
        {
            "AthenaPickaxe:pickaxe_id_245_voyagerremix1h": 1
        },
        {
            "AthenaLoadingScreen:lsid_155_akdrift": 1
        },
        {
            "Token:athenaseasonxpboost": 10
        },
        {
            "AthenaDance:emoji_crackshot": 1
        },
        {
            "Currency:mtxgiveaway": 100
        },
        {
            "AthenaDance:spid_149_fireice": 1
        },
        {
            "AthenaSkyDiveContrail:trails_id_074_driftlightning": 1
        },
        {
            "AthenaLoadingScreen:lsid_151_jmsparkle": 1
        },
        {
            "AthenaCharacter:cid_483_athena_commando_f_graffitiremix": 1
        },
        {
            "Token:athenaseasonfriendxpboost": 10
        },
        {
            "AthenaDance:emoji_popcorn": 1
        },
        {
            "HomebaseBannerIcon:brs10kevincube": 1
        },
        {
            "Currency:mtxgiveaway": 100
        },
        {
            "AthenaBackpack:petcarrier_012_drift_fox": 1
        },
        {
            "AthenaLoadingScreen:lsid_154_ijcuddle": 1
        },
        {
            "AthenaDance:emoji_lifepreserver": 1
        },
        {
            "AthenaDance:eid_jaywalking": 1
        },
        {
            "Token:athenaseasonxpboost": 10
        },
        {
            "HomebaseBannerIcon:brs10astronaut": 1
        },
        {
            "Currency:mtxgiveaway": 100
        },
        {
            "AthenaItemWrap:wrap_106_djremix": 1
        },
        {
            "AthenaLoadingScreen:lsid_158_ntdurrr": 1
        },
        {
            "AthenaDance:toy_015_bottle": 1
        },
        {
            "AthenaDance:spid_138_sparklespecialist": 1
        },
        {
            "AthenaGlider:glider_id_163_djremix": 1
        },
        {
            "Token:athenaseasonfriendxpboost": 10
        },
        {
            "AthenaLoadingScreen:lsid_175_jmtomato": 1
        },
        {
            "Currency:mtxgiveaway": 100
        },
        {
            "AthenaSkyDiveContrail:trails_id_065_djremix": 1
        },
        {
            "AthenaDance:emoji_coolpepper": 1
        },
        {
            "CosmeticVariantToken:vtid_286_petcarrier_driftfox_styleb": 1
        },
        {
            "AthenaLoadingScreen:lsid_160_ktvendetta": 1
        },
        {
            "AthenaCharacter:cid_487_athena_commando_m_djremix": 1
        },
        {
            "Token:athenaseasonxpboost": 10
        },
        {
            "AthenaDance:spid_135_riskyreels": 1
        },
        {
            "HomebaseBannerIcon:brs10britebomber": 1
        },
        {
            "Currency:mtxgiveaway": 100
        },
        {
            "AthenaLoadingScreen:lsid_156_akbrite": 1
        },
        {
            "AthenaDance:toy_020_bottle_fancy": 1
        },
        {
            "CosmeticVariantToken:vtid_288_djremix_headgearb": 1
        },
        {
            "AthenaPickaxe:pickaxe_id_242_sparkleremix": 1
        },
        {
            "Token:athenaseasonfriendxpboost": 10
        },
        {
            "AthenaLoadingScreen:lsid_162_h7outfitsb": 1
        },
        {
            "AthenaDance:emoji_crossswords": 1
        },
        {
            "Currency:mtxgiveaway": 100
        },
        {
            "AthenaItemWrap:wrap_105_cube": 1
        },
        {
            "HomebaseBannerIcon:brs10grid": 1
        },
        {
            "AthenaDance:spid_139_tiltedmap": 1
        },
        {
            "AthenaDance:eid_treadmilldance": 1
        },
        {
            "Token:athenaseasonxpboost": 10
        },
        {
            "CosmeticVariantToken:vtid_287_petcarrier_driftfox_stylec": 1
        },
        {
            "AthenaLoadingScreen:lsid_164_smcrackshot": 1
        },
        {
            "AthenaSkyDiveContrail:trails_id_066_tacticalhud": 1
        },
        {
            "HomebaseBannerIcon:brs10westernhats": 1
        },
        {
            "Currency:mtxgiveaway": 100
        },
        {
            "AthenaCharacter:cid_485_athena_commando_f_sparkleremix": 1
        },
        {
            "AthenaBackpack:bid_318_sparkleremix": 1
        },
        {
            "AthenaDance:spid_134_dustydepot": 1
        },
        {
            "Token:athenaseasonfriendxpboost": 10
        },
        {
            "AthenaLoadingScreen:lsid_159_ktfirewalker": 1
        },
        {
            "CosmeticVariantToken:vtid_290_sparkleremix_hairstyleb": 1
        },
        {
            "Currency:mtxgiveaway": 100
        },
        {
            "AthenaGlider:glider_id_169_voyagerremix": 1
        },
        {
            "HomebaseBannerIcon:brs10boombox": 1
        },
        {
            "AthenaDance:eid_breakdance2": 1
        },
        {
            "AthenaLoadingScreen:lsid_177_ijllama": 1
        },
        {
            "Token:athenaseasonxpboost": 10
        },
        {
            "AthenaSkyDiveContrail:trails_id_075_celestial": 1
        },
        {
            "Currency:mtxgiveaway": 100
        },
        {
            "AthenaItemWrap:wrap_109_rustremix": 1
        },
        {
            "HomebaseBannerIcon:brs10doublepump": 1
        },
        {
            "AthenaLoadingScreen:lsid_176_smvolcano": 1
        },
        {
            "AthenaCharacter:cid_489_athena_commando_m_voyagerremix": 1
        },
        {
            "Token:athenaseasonfriendxpboost": 10
        },
        {
            "AthenaDance:emoji_sweaty": 1
        },
        {
            "Currency:mtxgiveaway": 100
        },
        {
            "AthenaMusicPack:musicpack_022_daydream": 1
        },
        {
            "AthenaDance:spid_132_blackknight": 1
        },
        {
            "CosmeticVariantToken:vtid_291_voyagerremix_stageb": 1
        },
        {
            "AthenaLoadingScreen:lsid_152_jmluxe": 1
        },
        {
            "AthenaGlider:glider_id_165_knightremix": 1
        },
        {
            "Token:athenaseasonxpboost": 10
        },
        {
            "AthenaItemWrap:wrap_110_streetracerdriftremix": 1
        },
        {
            "Currency:mtxgiveaway": 100
        },
        {
            "CosmeticVariantToken:vtid_289_djremix_headgearc": 1
        },
        {
            "AthenaCharacter:cid_484_athena_commando_m_knightremix": 1,
            "AthenaBackpack:bid_317_knightremix": 1
        }
    ],
    "freeRewards": [
        {},
        {
            "AthenaDance:spid_136_rocketlaunch": 1
        },
        {},
        {
            "AthenaLoadingScreen:lsid_163_smrocketride": 1
        },
        {},
        {
            "AthenaSkyDiveContrail:trails_id_068_popcorn": 1
        },
        {},
        {
            "AthenaDance:emoji_boogiebomb": 1
        },
        {},
        {},
        {
            "Currency:mtxgiveaway": 100
        },
        {},
        {},
        {
            "AthenaDance:eid_happyskipping": 1
        },
        {},
        {},
        {},
        {
            "HomebaseBannerIcon:brs10rift": 1
        },
        {},
        {},
        {},
        {
            "AthenaItemWrap:wrap_108_knightremix": 1
        },
        {},
        {},
        {},
        {
            "AthenaDance:spid_133_butterfly": 1
        },
        {},
        {},
        {},
        {
            "AthenaGlider:glider_id_164_graffitiremix": 1
        },
        {},
        {},
        {},
        {
            "Currency:mtxgiveaway": 100
        },
        {},
        {},
        {},
        {
            "AthenaBackpack:bid_320_rustlordremix": 1
        },
        {},
        {},
        {},
        {
            "HomebaseBannerIcon:brs1080sllama": 1
        },
        {},
        {},
        {},
        {
            "AthenaDance:eid_blowingbubbles": 1
        },
        {},
        {},
        {},
        {
            "AthenaMusicPack:musicpack_023_og": 1
        },
        {},
        {},
        {},
        {
            "HomebaseBannerIcon:brs10shades": 1
        },
        {},
        {},
        {},
        {
            "AthenaDance:spid_142_cuberune": 1
        },
        {},
        {},
        {},
        {
            "AthenaLoadingScreen:lsid_153_ijdriftboard": 1
        },
        {},
        {},
        {},
        {},
        {},
        {},
        {},
        {},
        {},
        {},
        {},
        {},
        {},
        {},
        {},
        {},
        {},
        {},
        {},
        {},
        {},
        {},
        {},
        {},
        {},
        {},
        {},
        {},
        {},
        {},
        {},
        {},
        {},
        {},
        {},
        {},
        {},
        {}
    ]
}