[
  {
    "id": "ctrlkohl",
    "username": "kohl",
    "password": "Starlight06!",
    "points": 37
  },
  {
    "id": "fears",
    "username": "fears",
    "password": "fearsjk123",
    "points": 0
  },
  {
    "id": "gavin",
    "username": "GavinGoGaming",
    "password": "g4v1nf0x",
    "points": 0
  },
  {
    "id": "cash",
    "username": "cash",
    "password": "Dagre45-",
    "points": 32
  },
  {
    "id": "roco",
    "username": "RocoOnTop",
    "password": "987654312",
    "points": 0
  },
  {
    "id": "pokelevel1017",
    "username": "pokelevel1017",
    "password": "Poke1017!",
    "points": 0
  },
  {
    "id": "Quated",
    "username": "quated.",
    "password": "quated00",
    "points": 17
  },
  {
    "id": "mateti",
    "username": "mateti.",
    "password": "jeremy14",
    "points": 32
  },
  {
    "id": "PrivateUser",
    "username": "Betterstudiogames",
    "password": "Millenstraat22",
    "points": 0
  },
  {
    "id": "kloudz",
    "username": "kloudz",
    "password": "mgamsv88$",
    "points": 14
  },
  {
    "id": "mrgoodytwoshoes",
    "username": "NotZack",
    "password": "NotZack12345678",
    "points": 0
  },
  {
    "id": "doom",
    "username": "0",
    "password": "bootie5115",
    "points": 0
  }
]