[
    {
        "title": "BRAND NEW UPDATE!",
        "image": "https://media.discordapp.net/attachments/1081888250580443136/1091590671351156777/LogoApFool2023.png",
        "description": "Welcome to the new update to Infinity! I have been working so hard to bring it out so here you go!"
    },
    {
        "title": "GIGA CHAD!?!?!",
        "image": "http://cdn.shopify.com/s/files/1/0745/0975/articles/gigachad_1024x1024.jpg?v=1667928905",
        "description": "Giga Chad is officially making it's way to the Infinity Item shop as the first custom cosmetic"
    }
]