[
  {
    "code": "Tas",
    "username": "Tasmaniandevil",
    "social": "https://www.youtube.com/channel/UCqmNVK2eSXnB3RHyXRJ2L-A",
    "password": "Luke1506",
    "email": "lmao98985@outlook.com",
    "birthdate": "2009-06-25"
  },
  {
    "code": "whiteprotogen",
    "username": "puro",
    "social": "https://www.youtube.com/channel/UCNvWeFfFYQDZC5k__dzZi8Q",
    "password": "bonniewhiteprotogen",
    "email": "f_pavlov_1977@inbox.ru",
    "birthdate": "2000-05-19"
  },
  {
    "code": "Bryan0805",
    "username": "Bryan0805",
    "social": "https://www.youtube.com/channel/UCRuvqC9MHX_BggrRjuKGQ3A",
    "password": "Has101$",
    "email": "bryanbinkowski@gmail.com",
    "birthdate": "2000-08-28"
  },
  {
    "code": "Zaspex",
    "username": "Zaspex",
    "social": "https://tiktok.com/@zaspex",
    "password": "Fortniteballs123@",
    "email": "zaspxyt@gmail.com",
    "birthdate": "1999-11-08"
  },
  {
    "code": "KKK",
    "username": "Lil Uzi Squirt",
    "social": "twitch.tv/averxry5",
    "password": "Dieterle1982!",
    "email": "jaydengaming931@gmail.com",
    "birthdate": "2000-01-02"
  }
]