[
    {
        "team_name": "Hellbringers",
        "team_members": "ctrlkohl, Roco",
        "points": 0
    },
    {
        "team_name": "gg.gaming",
        "team_members": "Gavin, KeiKa",
        "points": 0
    },
    {
        "team_name": "The Breaking Bad",
        "team_members": "klondiii, quated",
        "points": 0
    },
    {
        "team_name": "TBD",
        "team_members": "Baze Mugha and Baze Gongraal",
        "points": 0
    },
    {
        "team_name": "FIRE",
        "team_members": "cash, xqyz",
        "points": 0
    },
    {
        "team_name": "Cyka",
        "team_members": "peakz and Nate-VN",
        "points": 0
    },
    {
        "team_name": "Stealth Strikers",
        "team_members": "bren, Sonic",
        "points": 0
    }
]